Response,Via,Screen name,Created At
BMI- white male statics = normal,pollev.com/micahhysong136,User: Web_b86f8,2024-03-25 15:42:48
Bias toward results in a clinical trial: altering data to show a positive result,pollev.com/micahhysong136,User: Web_c4a07,2024-03-25 15:42:41
Cell lines from white men,pollev.com/micahhysong136,User: Web_05b09,2024-03-25 15:42:33
Sampling,pollev.com/micahhysong136,User: Web_9a9c0,2024-03-25 15:42:30
easy access Samples,pollev.com/micahhysong136,User: Web_de0af,2024-03-25 15:42:13
Genomic data available mostly from white population,pollev.com/micahhysong136,User: Web_aa3d4,2024-03-25 15:42:12
Mice or rats,pollev.com/micahhysong136,User: Web_efa29,2024-03-25 15:41:58
Sampling,pollev.com/micahhysong136,User: Web_7358e,2024-03-25 15:41:50
Expectations,pollev.com/micahhysong136,User: Web_98d38,2024-03-25 15:41:41
Normal vs abnormal / phenotype can be subjective,pollev.com/micahhysong136,User: Web_d46d8,2024-03-25 15:41:40
Outliers,pollev.com/micahhysong136,User: Web_7358e,2024-03-25 15:41:38
Confirmation Bias,pollev.com/micahhysong136,User: Web_5ba2f,2024-03-25 15:41:32
Using self-reported race as a biological variable,pollev.com/micahhysong136,User: Web_a280f,2024-03-25 15:41:28
Mice,pollev.com/micahhysong136,User: Web_90dc3,2024-03-25 15:41:28
Not accounting for differences in hormones in disease phenotype pathways,pollev.com/micahhysong136,User: Web_d4723,2024-03-25 15:41:24
Sex bias,pollev.com/micahhysong136,User: Web_da20e,2024-03-25 15:41:22
Cell lines,pollev.com/micahhysong136,User: Web_6822e,2024-03-25 15:41:22
Experimental groups,pollev.com/micahhysong136,User: Web_574c4,2024-03-25 15:41:20
"In my research field, Chinese scientists are discriminated in both international institutions and in the literature due to a number of high profile spying cases.",pollev.com/micahhysong136,User: Web_03888,2024-03-25 15:41:16
Assumption of sex via physical characteristics,pollev.com/micahhysong136,User: Web_8306d,2024-03-25 15:41:15
Limited subject's background,pollev.com/micahhysong136,User: Web_c91fb,2024-03-25 15:41:14
Stress/pressure,pollev.com/micahhysong136,User: Web_e7f14,2024-03-25 15:41:10
"""Outliers""",pollev.com/micahhysong136,User: Web_98d38,2024-03-25 15:41:03
Cell Culture Samples,pollev.com/micahhysong136,User: Web_1b344,2024-03-25 15:41:01
Improper controls,pollev.com/micahhysong136,User: Web_e7f14,2024-03-25 15:40:52
Virology: Viruses that mainly affect the lower hemisphere are studied less,pollev.com/micahhysong136,User: Web_2984b,2024-03-25 15:40:52
Analysis,pollev.com/micahhysong136,User: Web_98d38,2024-03-25 15:40:48
Mice,pollev.com/micahhysong136,User: Web_b86f8,2024-03-25 15:40:46